{
  "f2_score": 0.9187386294724075,
  "precision": 0.8681948424068768,
  "recall": 0.9323076923076923,
  "average_precision": 0.967668630894204,
  "roc_auc": 0.992876588432144,
  "threshold": 0.47786906361579895,
  "test_size": 2026,
  "churn_rate": 0.1606596227905599
}